time,seconds_elapsed,altitude,speedAccuracy,bearingAccuracy,latitude,altitudeAboveMeanSeaLevel,bearing,horizontalAccuracy,verticalAccuracy,longitude,speed
1776314451687870000,-6.157130126953125,549.5922890472413,-1,-1,-33.43934591984177,522.08,-1,10.379959639112279,30,-70.68730044625842,-1
1776314457946212000,0.101212158203125,549.5922890472413,-1,-1,-33.43934591984177,522.08,-1,10.379959639112279,30,-70.68730044625842,-1
1776314457964508200,0.119508056640625,549.5920525360108,-1,-1,-33.43934591984177,522.08,-1,10.379959639112279,30.000481438332056,-70.68730044625842,-1
1776314458349812000,0.50481201171875,549.6326808966004,-1,-1,-33.43934591984177,523.8179874456727,-1,10.379959639112279,30,-70.68730044625842,-1
1776314464467661800,6.622661865234375,549.7608840589068,-1,-1,-33.439269315333505,523.946190607979,-1,22.554546416731615,30,-70.68703708971374,-1
1776314470471285000,12.626284912109375,550.5633865504346,-1,-1,-33.439242976417,524.7486930995069,-1,22.40729707463793,30,-70.68696939146587,-1
1776314470883890200,13.03889013671875,550.5530048518262,-1,-1,-33.43924427923247,524.7383114008985,-1,22.489506681058305,30.000000595601616,-70.68697013363041,-1
1776314470892492000,13.047491943359375,550.5530048518262,-1,-1,-33.439244279232476,524.7383114008985,-1,22.48952911898116,30.00000059560441,-70.68697013363041,-1
1776314476296097000,18.451096923828125,550.5616928248487,-1,-1,-33.43924206355802,524.746999373921,-1,30.988957683649005,30.00058668938803,-70.68696900206537,-1
1776314476300584000,18.455583984375,550.5616928248487,-1,-1,-33.43924206355803,524.746999373921,-1,30.98897072548014,30.000586689389916,-70.68696900206537,-1
1776314476476670000,18.631669921875,551.16754176157,-1,-1,-33.43923369943787,525.3528483106422,-1,19.929403226256174,30,-70.68691516218863,-1
1776314478242540800,20.397540771484376,551.1570341779518,-1,-1,-33.439234848214795,525.3423407270241,-1,22.3070927707732,30.000087730079233,-70.68691574892506,-1
1776314478247318000,20.402318115234376,551.1570341779518,-1,-1,-33.43923484821479,525.3423407270241,-1,22.307108350415316,30.000087730080907,-70.68691574892506,-1
1776314482472874200,24.627874267578125,551.1951428499727,-1,-1,-33.43920798256679,525.380449399045,-1,21.362855339639648,30,-70.68688958876434,-1
1776314488473105000,30.62810498046875,551.1952045232418,-1,-1,-33.4392039623718,525.3805110723141,-1,19.19515470140209,30,-70.6868889006452,-1
1776314494481071000,36.63607104492188,551.2189555661024,-1,-1,-33.43920972528361,525.4042621151747,-1,19.44270908054887,30,-70.68689787449534,-1
1776314500465728000,42.62072802734375,551.220493036906,-1,-1,-33.439205281561144,525.4057995859782,-1,21.51134177286839,30,-70.68690097043411,-1
1776314506465610000,48.62060986328125,551.2159928530128,-1,-1,-33.43920238100424,525.4012994020851,-1,19.855172601299838,30,-70.6869052470511,-1
1776314512481087000,54.6360869140625,551.2232607358694,-1,-1,-33.43919785653938,525.4085672849417,-1,25.767194267158878,30,-70.68690789975211,-1
1776314512894301000,55.049301025390626,551.8674505286493,3.763895521817184,-1,-33.43917289919109,526.0527570777216,-1,22.747486722170972,28.403418421458976,-70.6869204903868,0.4077681303024292
1776314513894312400,56.0493125,549.7013370525877,2.3441477843162595,-1,-33.439174555031684,523.88664360166,-1,22.327166408060148,7.3316698560622475,-70.68693234728508,0.6438678503036499
1776314514894324200,57.04932421875,549.7205931812002,2.0030264755326272,-1,-33.43917702818053,523.9058997302725,-1,21.543186951458868,7.047588883992881,-70.68693129697985,0.6438678503036499
1776314515894336500,58.04933642578125,549.7011021589007,1.3975125385329654,-1,-33.439216816873355,523.8864087079729,-1,19.11946313931808,6.930681892077695,-70.68695314861628,0.16002123057842255
1776314516890347800,59.04534765625,549.8125484902141,0.9486872528113144,-1,-33.43921976234595,523.9978550392864,-1,15.872466917301503,6.760069612011218,-70.68701002993109,0.1835457980632782
1776314517890359300,60.045359375,549.86441881754,0.6511201876426892,-1,-33.43921372936171,524.0497253666123,-1,13.528216017434815,6.640808082103223,-70.68704901047921,0.17970608174800873
1776314518890370300,61.045370361328125,549.8815730885578,0.5615967917152951,-1,-33.43921544016944,524.0668796376301,-1,11.098701222443097,9.428562028418959,-70.68705312722027,0.20580770075321198
1776314519890382800,62.0453828125,549.9297206106379,0.45926496390362365,86.16493701259886,-33.439208692359124,524.1150271597102,60.497906520015626,11.124892574217625,10.163597717952781,-70.6870525651882,0.21691641211509705
1776314520890394400,63.045394287109374,549.9392191849973,0.4850113012436026,58.666588184851626,-33.439206220771375,524.1245257340696,65.25993881743952,10.814809204541394,10.59090367835638,-70.68704864125166,0.21691641211509705
1776314521890405600,64.04540551757813,549.921633969408,0.5372423135214495,63.67797112542303,-33.43920684529346,524.1069405184803,122.55046726533483,8.105427460466954,7.091050820532744,-70.68705164138272,0.18331432342529297
1776314522890417200,65.04541723632812,549.8897206356722,0.3436715086335287,20,-33.439203140799194,524.0750271847445,76.27412545267862,6.205995319705328,7.626730866077367,-70.68704980368142,0.48458418250083923
1776314523999861500,66.15486157226563,549.8210536706957,0.17207915634327983,10,-33.439200804145145,524.006360219768,89.31460042537688,5.6063103183002125,6.314211332162023,-70.68704263721911,0.48458418250083923
1776314524999891700,67.1548916015625,549.7901289286333,0.16261138333165817,10,-33.43919837808212,523.9754354777056,78.00416296842268,4.868562640066075,8.479041985440123,-70.68703562313452,0.5001901984214783
1776314525999931600,68.154931640625,549.7901289630681,0.3080157139843736,49.89710241160079,-33.439197442021495,523.9754355121404,78.00416006922872,4.881823528060176,8.479041985440114,-70.68703036982,0.5001901984214767
1776314526999968300,69.15496826171875,549.8331816671416,0.7185619112127923,121.20819805309858,-33.43919637119199,524.0184882162139,72.20100259242949,4.635948484048275,12.455054301722736,-70.6870255155531,0.48036330938339095
1776314528000007700,70.15500756835938,549.6997017627582,0.718561911533597,121.20819805308703,-33.439195203010215,523.8850083118305,67.43797475566818,4.70213293274632,13.013230626503468,-70.6870206399666,0.48036330938339095
1776314529000050400,71.15505053710937,549.6313934400678,0.7185619113467213,180,-33.4391937911074,523.81669998914,81.63574306863421,4.767355488707209,13.425290485074749,-70.68701617317014,0.20517799258232108
1776314530000087800,72.155087890625,549.6215207027271,0.7185619112493963,180,-33.439193072559796,523.8068272517994,19.553993271393846,4.831652591470196,13.82812208602821,-70.68701362815528,0.25083440542221047
1776314531000119600,73.15511962890625,549.7427414776757,0.7185619111676445,180,-33.43919006390397,523.928048026748,97.81386769221,4.857725429677809,14.22097626516037,-70.68701168629887,0.18851609528064722
1776314532000156000,74.15515600585937,549.7315819077194,0.7185619110417696,-1,-33.43919046913001,523.9168884567916,-1,4.922755917168258,14.883637080202357,-70.68701007422204,0.019642850384116173
1776314533000197400,75.155197265625,549.6656947406009,0.7185619110849386,180,-33.43919016322969,523.8510012896731,317.6849946770038,7.637473627439569,15.576135821224257,-70.68701107123077,0.1083954200148582
1776314534000225500,76.1552255859375,549.644738567993,0.7185619110849734,180,-33.43919428098998,523.8300451170653,194.69159864495452,14.245954590575272,16.232383555192364,-70.68700477793418,0.10839542001485823
1776314535000262100,77.15526220703126,549.6030582869425,0.7185619110417696,-1,-33.43919520919479,523.7883648360148,-1,14.245954590575272,16.910731531625057,-70.68699890116505,0.13000138103961945
1776314536000294400,78.15529443359375,549.5367763610557,0.7185619110710111,180,-33.439189471001185,523.7220829101279,12.94430157014711,14.245954590575277,16.252835081309115,-70.68699769788721,0.20395569503307331
1776314537000316200,79.15531616210937,549.693955375813,0.7185619110417696,-1,-33.43918639204724,523.8792619248852,-1,14.24595459057527,16.286661038749255,-70.68699996530796,0.04609089344739914
1776314538000346600,80.1553466796875,549.693955375813,0.7185619110417695,180,-33.43918639204724,523.8792619248852,59.668883963785014,14.245954590575272,15.925147301247423,-70.68699996530796,0
1776314539000376800,81.155376953125,549.693955375813,0.7185619110417695,180,-33.43918639204724,523.8792619248852,59.668883963785014,14.24595459057527,15.837665776068338,-70.68699996530796,0
1776314540000408600,82.15540869140625,549.693955375813,0.7185619110417696,-1,-33.43918639204724,523.8792619248852,-1,14.24595459057527,15.566109206997426,-70.68699996530796,0
1776314541000438800,83.15543872070313,549.693955375813,0.7185619110417695,180,-33.43918639204724,523.8792619248852,183.58967006451647,14.24595459057527,15.187905405824273,-70.68699996530796,0
1776314542000469800,84.1554697265625,549.693955375813,0.7185619110417695,180,-33.43918639204724,523.8792619248852,183.58967006451647,14.24595459057527,15.028865752551015,-70.68699996530796,0
1776314543000500200,85.15550024414063,549.693955375813,0.7185619110417696,-1,-33.43918639204724,523.8792619248852,-1,14.245954590575272,14.797888049551762,-70.68699996530796,0
1776314544000545000,86.155544921875,549.6137832403183,0.7185619111000442,180,-33.43918396982756,523.7990897893906,59.33003323107113,14.245954590575273,14.95792665207435,-70.68700493959172,0.2187426090240477
1776314545000560600,87.155560546875,549.485713975504,0.71856191109358,180,-33.4391843669613,523.6710205245763,199.2470967245984,14.245954590575277,15.482214294587743,-70.68700998815162,0.21874260902404774
1776314546000591600,88.15559155273438,550.7264947714284,1.3969553854766337,-1,-33.4391787145233,524.9118013205007,-1,14.24595459057527,6.4341939902045695,-70.68700888520353,0.16296003827833985
1776314547000621600,89.15562158203124,550.8604604266584,1.268544268769287,-1,-33.4391824179796,525.0457669757307,-1,14.245954590575272,6.310329067924617,-70.68700757301973,0.17155001823416144
1776314548000652300,90.15565234375,550.7784380083904,1.2562002900698628,-1,-33.43918614445774,524.9637445574626,-1,14.24595459057527,6.296659964890449,-70.68700884021432,0.20258207161312025
1776314549000682000,91.15568188476563,550.858120133169,1.3859496933744075,-1,-33.4391907010151,525.0434266822413,-1,14.245954590575272,6.120592003104956,-70.68700852411862,0.2608696720765798
1776314550000711700,92.15571166992187,550.7484151609242,0.7185619110417696,-1,-33.439189946309185,524.9337217099965,-1,14.245954590575272,6.329465647281762,-70.68701003833054,0.053029999855268684
1776314551000741000,93.1557412109375,550.8717910135165,1.390350915823279,-1,-33.43918468547561,525.0570975625888,-1,14.24595459057527,6.151946721328177,-70.68700809108593,0.1713473456808996
1776314552000772000,94.15577221679688,550.8189182104543,1.405833727227803,-1,-33.43918235663859,525.0042247595266,-1,14.24595459057527,6.050111522375552,-70.68701162266936,0.08902981416583232
1776314553000801500,95.15580151367188,550.7824828242883,0.9830635210481418,-1,-33.43917856834785,524.9677893733606,-1,14.24595459057527,6.144347573345296,-70.68701536362221,0
1776314554000832500,96.15583251953124,550.863210760057,0.7185619110417696,-1,-33.439178334393624,525.0485173091292,-1,14.24595459057527,6.567530970942933,-70.68701487242647,0
1776314555000862200,97.1558623046875,550.863210760057,0.7185619110417696,-1,-33.439178334393624,525.0485173091292,-1,14.24595459057527,6.821995717353027,-70.68701487242647,0
1776314556000893700,98.15589379882813,550.863210760057,0.7185619110417696,-1,-33.439178334393624,525.0485173091292,-1,14.24595459057527,6.953768145547152,-70.68701487242647,0
1776314557000922000,99.15592211914063,551.1376274581999,0.7185619110417696,-1,-33.43917120871431,525.3229340072721,-1,14.24595459057527,7.101914334594973,-70.68702062536563,0.06704066232024994
1776314558000952000,100.1559521484375,551.243344319053,0.8525403793073956,-1,-33.43917633858204,525.4286508681253,-1,14.245954590575272,6.862274064066265,-70.68701746788378,0.06158899751381838
1776314559000981200,101.15598120117187,551.1669982401654,1.2901315614002096,-1,-33.439180171902706,525.3523047892377,-1,14.245954590575272,6.719076577558502,-70.68702049867913,0.061788858568610584
1776314560001012500,102.15601245117188,551.2299693468958,1.3747748710748313,-1,-33.43917847683985,525.4152758959681,-1,14.245954590575272,6.465604782247585,-70.687023438233,0.03590477099377629
1776314561001041400,103.15604150390625,551.4939188566059,1.328208764508742,-1,-33.43918004106723,525.6792254056782,-1,14.24595459057527,6.319013394820428,-70.68702535261608,0.22359102411399218
1776314562001071000,104.15607104492187,551.3984712483361,1.3105875069196342,-1,-33.43917954758957,525.5837777974084,-1,14.24595459057527,6.16599648015027,-70.68701891859949,0.09298654004755902
1776314563001101000,105.15610107421875,551.2101361881942,1.3880108633924229,-1,-33.43917981755818,525.3954427372664,-1,14.245954590575272,6.099937785941851,-70.68701151418239,0.2526687918138424
1776314564001130500,106.15613061523437,551.1395635632798,1.3874336012924808,-1,-33.43918266932851,525.3248701123521,-1,14.24595459057527,6.081503542270176,-70.6870107942107,0.22074334345615726
1776314565001160700,107.15616064453125,550.9390345700085,1.4098205201760687,180,-33.43919192786957,525.1243411190808,165.8160574596174,14.245954571599654,9.15049856904245,-70.68700653957087,0.43490004634558177
1776314566001190100,108.15619018554688,551.0165870394558,1.2656426361846582,180,-33.439199273458065,525.201893588528,177.5575205331044,14.245954570948149,9.12006572617532,-70.68701047355624,0.4495148052376744
1776314567001220000,109.15622021484376,550.863687469624,1.4051406307418424,180,-33.439204793091875,525.0489940186962,177.55752075124119,14.245954579772569,9.090097795517789,-70.68701083971966,0.44122504567081255
1776314568001249500,110.15624951171876,550.6983837559819,1.403451327379239,180,-33.439212168747105,524.8836903050542,177.5575206921924,14.245954581178793,8.904881565673978,-70.68701072074516,0.4518605353602044
1776314569001278500,111.15627856445313,550.8298328574747,1.0743297084747154,114.73476260616414,-33.439224196855164,525.015139406547,173.12685306466264,14.245954574003658,8.796008400216333,-70.6870082684856,0.7486561277193342
1776314570001309400,112.15630932617188,550.4952572388574,1.0571383997299717,138.11776218792983,-33.43922618748278,524.6805637879297,178.3691386013873,14.245954578625147,8.822820430851577,-70.6870097846472,0.5100766078635858
1776314571001339000,113.1563388671875,550.4442929336801,1.1387548664619331,108.11732976637484,-33.439233943080296,524.6295994827524,176.2472107061995,14.245954576902133,8.752704541956604,-70.68700772099004,0.637039180264232
1776314572001368300,114.15636840820312,550.4541734233499,1.1159822287334207,122.31607208898735,-33.43923833572689,524.6394799724221,175.59821041873533,14.245954574759173,8.809158348497466,-70.68700441675024,0.5603701637174707
1776314573001398000,115.15639794921876,550.4301620116457,1.2668900099424856,116.93988437493282,-33.43924346967802,524.615468560718,175.99761074452263,14.245954571373987,8.754958930828352,-70.68700183646581,0.5233361989416714
1776314574001428000,116.15642797851562,550.5016867248341,1.1288255691812568,127.91898646630544,-33.43924974932913,524.6869932739064,175.94566261424214,14.245954563582332,9.068853297235208,-70.68699900107849,0.5562595243906454
1776314575001457200,117.15645703125,550.5095948120579,1.0618122919182036,172.09015860971536,-33.439253940883454,524.6949013611302,174.5918987140585,14.24595456388642,8.851713037670683,-70.68699727494655,0.42159674081426024
1776314576001486800,118.15648681640624,550.3761040074751,1.397756655027228,180,-33.43925529835737,524.5614105565473,173.63439963861023,14.245954575159066,9.47223892183491,-70.68699763541017,0.2576017659332334
1776314577001517300,119.15651733398437,550.2582230437547,1.418040658427997,180,-33.43926188633047,524.443529592827,173.63439889706436,14.245954564334804,9.617644025026108,-70.68699635685606,0.3735777501392645
1776314578001546800,120.15654663085938,549.0116518307477,0.9632113405886664,66.35254547920759,-33.439268403587015,523.19695837982,175.2523618760447,14.245954540679088,9.572286256608992,-70.68699502178274,0.7203862326956852
1776314579001576000,121.15657592773438,548.8343932060525,1.2641839560491097,58.20471221831747,-33.43927290207579,523.0196997551247,175.75642602986437,14.245954548412595,9.032603511157125,-70.6869934107647,0.6110886189399128
1776314580001605600,122.15660571289062,549.7966279704124,1.227955066233448,89.1973307868661,-33.43928227672638,523.9819345194846,175.33764333319394,14.245954546821476,9.054669850611216,-70.68699110515631,0.6699955558381665
1776314581001634000,123.15663403320312,550.1227067038417,1.0098434771602427,85.73394440081096,-33.43929221232315,524.308013252914,172.04774522391827,14.245954530622539,8.942150469738449,-70.68698652060114,0.8803323412525913
1776314582001664300,124.15666430664062,550.1638871021569,0.9557082057082829,97.47537704552948,-33.43930017965035,524.3491936512291,174.77143713408555,14.24595454357443,8.851829910344694,-70.68698645291606,0.7727269694604272
1776314583001694500,125.15669458007812,549.981144993566,1.1199477663030704,118.03332746625004,-33.439305708294654,524.1664515426382,175.1707050546225,14.245954562386617,8.697597032893842,-70.68698434733798,0.5613339469552379
1776314584001723400,126.15672338867188,550.1486456152052,1.1606668286091069,82.7977388637823,-33.43931984579755,524.3339521642774,172.2230938645391,14.245954556614297,8.392268002076777,-70.6869804565604,0.8193458987382042
1776314585001752600,127.15675268554688,550.139098552987,1.1591590734030799,143.99345160625725,-33.43932372886371,524.3244051020592,176.26095406403724,14.245954587146022,8.149867536415032,-70.68698265937945,0.48387030614349036
1776314586001782800,128.15678271484376,550.2671553455293,1.2239815449051388,180,-33.43932894113484,524.4524618946016,179.61391426555068,14.24595459214095,7.987288780286163,-70.68698456518409,0.321988820674924
1776314587001811500,129.1568115234375,550.4409508425742,1.3786286796489644,180,-33.43933143540164,524.6262573916465,179.61391501348942,14.245954591189614,7.934123560571769,-70.68698562291128,0.09470794527369794
1776314588001842000,130.15684204101564,550.5021628569812,1.4168085658461758,180,-33.43933844074414,524.6874694060534,179.61391548930732,14.245954591413096,7.804676158651293,-70.68698628629195,0.3286393356719079
1776314589001871000,131.15687109375,550.7230863124132,1.4340851522204532,180,-33.43934357888296,524.9083928614855,179.61391618270656,14.245954590918684,7.747389342209292,-70.68698726192744,0.23003516083527897
1776314590001900800,132.15690087890624,550.7560761235654,1.4147723654946358,180,-33.43934091711062,524.9413826726377,179.61391391232897,14.245954589810585,8.296768606276407,-70.68698404256078,0.03260309244400623
1776314591001930000,133.15692993164063,550.8869753740728,1.3062113325809734,180,-33.43934199545123,525.072281923145,179.61391248943667,14.245954589904745,8.13704154988666,-70.68698202009409,0.020931457386977104
1776314592001960200,134.15696020507812,550.7692652950063,1.2447293945551092,180,-33.43934155504488,524.9545718440786,179.61391247719067,14.24595459057527,7.905765624885352,-70.68698200347762,0
1776314593001989400,135.1569892578125,550.7692652950063,1.1700931532162298,180,-33.43934155504488,524.9545718440786,179.61391247719067,14.24595459057527,7.894094617622934,-70.68698200347762,0
1776314594002018300,136.15701831054687,550.9966381108388,1.4057489147045454,180,-33.4393394236673,525.1819446599111,179.6139088089006,14.245954584208778,8.178400845059675,-70.6869767980791,0.11600196492396676
1776314595002048500,137.15704858398436,551.0070845047012,1.3872239390430774,180,-33.43933891053798,525.1923910537735,179.61390881117035,14.24595459057527,8.084212469490604,-70.68697680220346,0
1776314596002078000,138.15707788085936,551.0070845047012,1.4124792526475207,180,-33.43933891053798,525.1923910537735,179.61390881117035,14.245954590575272,7.750889711862716,-70.68697680220346,0
1776314597002108200,139.15710815429688,551.0070845047012,1.408614882505831,180,-33.43933891053798,525.1923910537735,179.61390881117035,14.245954590575272,7.395428747511942,-70.68697680220346,0
1776314598002137600,140.1571376953125,551.0070845047012,1.4076942257646803,180,-33.43933891053798,525.1923910537735,179.61390881117035,14.245954590575272,7.183767206163701,-70.68697680220346,0
1776314599002167300,141.15716723632812,550.9875386655331,1.0939648147207304,180,-33.43934383949663,525.1728452146053,179.61390855367128,14.245954590575268,6.97791691296357,-70.68697642788649,0
1776314600002196200,142.1571962890625,550.9875386655331,0.9685276387374813,180,-33.43934383949663,525.1728452146053,179.61390855367128,14.24595459057527,6.870394738565132,-70.68697642788649,0
1776314601002225700,143.1572255859375,550.9875386655331,1.0935245421984296,180,-33.43934383949663,525.1728452146053,179.61390855367128,14.24595459057527,6.7163477812769345,-70.68697642788649,0
1776314602002255000,144.15725512695312,550.9875386655331,1.4162019802252817,180,-33.43934383949663,525.1728452146053,179.61390855367128,14.245954590575272,6.85747170908698,-70.68697642788649,0
1776314603002285000,145.15728515625,550.9875386655331,1.4152289665103583,180,-33.43934383949663,525.1728452146053,179.61390855367128,14.24595459057527,6.874310593461779,-70.68697642788649,0
1776314604002313700,146.15731372070312,550.9875386655331,1.424491327645481,180,-33.43934383949663,525.1728452146053,179.61390855367128,14.24595459057527,6.79950520087149,-70.68697642788649,0
1776314605002344200,147.15734423828124,551.4057677248493,1.482666696259493,180,-33.43934969297813,525.5910742739215,179.61390347254147,14.2459545858239,6.673208213772331,-70.68696920216684,0.10559453464952026
1776314606002374100,148.1573740234375,551.3886058265343,1.4379824955268983,180,-33.43934669206131,525.5739123756066,179.61390384606088,14.24595459057527,6.651569083487999,-70.68696973785207,0
1776314607002402800,149.15740283203124,551.3886058265343,0.9582298898660203,180,-33.43934669206131,525.5739123756066,179.61390384606088,14.245954590575272,6.894856453597674,-70.68696973785207,0
1776314608002432300,150.15743237304687,551.3886058265343,1.3972037531331225,180,-33.43934669206131,525.5739123756066,179.61390384606088,14.245954590575272,7.383997570214308,-70.68696973785207,0
1776314609002462500,151.15746240234375,551.3886058265343,1.3868625315309906,180,-33.43934669206131,525.5739123756066,179.61390384606088,14.24595459057527,7.289477354898542,-70.68696973785207,0
1776314610002491100,152.1574912109375,551.3886058265343,1.3642647197328737,180,-33.43934669206131,525.5739123756066,179.61390384606088,14.245954590575272,7.414207024946113,-70.68696973785207,0
1776314611002520000,153.15752001953126,551.3886058265343,1.3523671339179133,180,-33.43934669206131,525.5739123756066,179.61390384606088,14.24595459057527,7.4781055242911725,-70.68696973785207,0
1776314612002550000,154.1575500488281,551.3421435151249,1.4318840414805791,180,-33.43934984045465,525.5274500641972,179.61390062525305,14.245954581205954,7.698303980560449,-70.68696515862644,0.1359282555378904
1776314613002580500,155.15758056640624,551.3372361399233,1.3870066785263293,180,-33.43935007894049,525.5225426889956,179.6139000352942,14.245954588551058,7.744192026676055,-70.68696432043869,0.02358112422136673
1776314614002610000,156.15760986328124,551.2533995453268,1.4302094323923538,180,-33.439348972929196,525.4387060943991,179.6138974175675,14.245954580479031,7.674260298174593,-70.68696060508798,0.12798096053122804
1776314615002639000,157.15763916015624,551.3942783940583,1.3728584205523018,180,-33.4393444571712,525.5795849431306,179.61389705713634,14.245954586532404,8.301346420605269,-70.68696010118994,0.08727137081795203
1776314616002667800,158.15766772460938,551.4005554560572,1.3476980374233407,180,-33.43934414884028,525.5858620051295,179.61389705850027,14.24595459057527,8.622830496870376,-70.68696010366828,0
1776314617002698000,159.15769799804687,551.4080265359953,1.3623594922943705,180,-33.43934005451196,525.5933330850676,179.61389710382758,14.245954589654717,8.909497584111797,-70.68696017522593,0.027857889796851585
1776314618002727000,160.15772680664062,551.660794172436,1.4020146033076946,180,-33.43934266804778,525.8461007215083,179.6138963517431,14.245954581792693,9.774205219309694,-70.6869591026411,0.22063258973707542
1776314619002756600,161.15775659179687,551.0320293745026,1.461105035336845,180,-33.439338470141955,525.2173359235749,179.61389599147776,14.245954577203143,10.119014598882307,-70.68695859842028,0.25077179465798627
1776314620002786000,162.1577861328125,550.6965049309656,1.4604700639260504,180,-33.43933854575326,524.8818114800379,179.61389466517065,14.245954582514555,8.805942351555698,-70.68695671487006,0.24085500352895955
1776314621002816800,163.15781665039063,550.961187007837,1.396443661607197,180,-33.43933357951409,525.1464935569093,179.61389218526128,14.245954586951301,9.072075359682994,-70.6869532020062,0.1371333580478636
1776314622002845700,164.157845703125,550.8423591591418,1.41586343588038,180,-33.4393321712606,525.027665708214,179.61389516715465,14.245954587294499,9.010741111022655,-70.68695743890595,0.2594407213964775
1776314623002875000,165.157875,550.7307072654366,1.4267458669339204,180,-33.43933590441814,524.9160138145089,179.61389876429052,14.245954591422212,9.513549474922302,-70.68696254044883,0.2669485098831706
1776314624002904000,166.15790405273438,550.957252942957,1.405004294495183,180,-33.439341226664126,525.1425594920292,179.61390084424585,14.24595459209074,9.478492279524156,-70.68696548473437,0.4479479185291188
1776314625002933000,167.15793310546874,551.1804074700922,1.415061277569391,180,-33.43933443296584,525.3657140191644,179.61390747549876,14.245954589650852,9.553417567231644,-70.68697491335165,0.23783386849498545
1776314626002963500,168.15796337890626,551.05803206563,1.4177228085227334,180,-33.439327543873354,525.2433386147022,179.6139145372623,14.245954589040627,10.053158862490292,-70.68698495348103,0.23250015534882545
1776314627002993700,169.15799365234375,550.3034360986203,1.1602197750675523,110.32914700923178,-33.43933197518377,524.4887426476926,224.69560542923386,14.245954585406217,10.108747512131805,-70.6869972953851,0.6881204362201544
1776314628003022800,170.15802294921875,550.0004208553582,1.1780872900475337,134.91740074211785,-33.439328498049186,524.1857274044305,225.25989415759523,14.245954586281904,10.723682375946407,-70.68699525414237,0.34974533072752734
1776314629003050800,171.15805078125,550.0180176934227,1.508611111901486,180,-33.43932259715034,524.203324242495,218.61702513037835,14.245954586923192,10.958817310959283,-70.68699501867636,0.14274038649179085
1776314630003082200,172.15808227539063,550.2863746536896,1.2726333292788718,180,-33.43932258875062,524.4716812027618,218.61703119196466,14.245954588466207,9.696066037362815,-70.68699994026628,0.11454061213750705
1776314631003111000,173.15811083984374,550.4446486346424,1.523684569832545,180,-33.43932085564003,524.6299551837146,218.6170413942941,14.245954587802817,9.372823223992821,-70.68700731527444,0.15456161704138577
1776314632003140000,174.15814013671874,550.8676769370213,1.1416895710681343,180,-33.43931635171456,525.0529834860936,218.6170468827241,14.24595458908683,8.567221134268069,-70.68700939492598,0.062368407857432785
1776314633003169500,175.15816943359374,550.203700019978,1.560309504059839,180,-33.43931673144119,524.3890065690503,218.61705226120998,14.245954588851706,8.24662364064505,-70.68701396653441,0.22949038103576017
1776314634003199500,176.15819946289062,550.2269814517349,1.5580100187352153,180,-33.439308459989995,524.4122880008072,218.6170663871614,14.245954591328816,7.828461542254184,-70.68702107422074,0.15625004018741553
1776314635003228200,177.15822827148438,550.4025184037164,1.2166685775188393,180,-33.43930092335912,524.5878249527887,218.61707019689672,14.245954590681714,7.823782835551475,-70.68702018668787,0.06796547482861356
1776314636003258000,178.15825805664062,550.162934852764,1.2150148970184542,180,-33.43928911785363,524.3482414018363,218.61707917595785,14.245954591238739,8.21860056374311,-70.68702124371697,0.09575538002755377
1776314637003288300,179.15828833007814,550.3940595705062,1.1743081671784672,180,-33.43928107990775,524.5793661195785,218.6170862596623,14.245954591037357,8.263222919014765,-70.68702275184116,0.05336687527274626
1776314638003317000,180.15831689453125,550.1568305445835,1.4737126663235052,180,-33.4392709782972,524.3421370936558,218.61709608738255,14.245954591379485,8.58599252074299,-70.68702539915246,0.2121338154788355
1776314639003346400,181.1583464355469,550.0672587249428,1.5014945828953337,180,-33.43926580989094,524.2525652740151,218.61710750415483,14.245954594835332,9.471755049726353,-70.68703194532884,0.27053749531578153
1776314640003376400,182.15837646484374,550.0836848458275,1.4982763616763395,180,-33.43926179261325,524.2689913948998,218.61710799819704,14.245954591062667,9.74088238889579,-70.68703022344019,0.25021873782587867
1776314641003405800,183.15840576171874,549.7612612703815,1.4987500265855582,180,-33.439253361172014,523.9465678194538,218.61711471993453,14.245954589163686,9.808547992823806,-70.68703122941528,0.2075934609689259
1776314642003435000,184.15843505859374,549.7002498442307,1.3274727394471115,180,-33.439243296917105,523.885556393303,218.6171208429758,14.245954589520375,9.672270637356672,-70.68703088580676,0.1251760367894317
1776314643003465200,185.15846533203126,549.6667455658317,1.42476195892656,180,-33.43924188502062,523.8520521149039,218.6171206718379,14.245954589555527,9.56945491800159,-70.68703000045434,0.14179395048787824
1776314644003492900,186.15849291992188,549.4053501114249,1.5537051378469802,180,-33.439241829462006,523.5906566604972,218.61712627374337,14.245954593842184,8.847146791436122,-70.68703452355341,0.18188623217948258
1776314645003523300,187.1585234375,550.0164887877181,1.0721176860065111,180,-33.43923695698156,524.2017953367904,218.61713072085138,14.24595459118714,8.132639398169587,-70.68703556214804,0.018497612007564994
1776314646003553000,188.15855297851562,550.4498217152432,1.35251805609799,180,-33.439234249274875,524.6351282643154,218.61712712489688,14.245954592398538,7.679468232665378,-70.6870312086549,0.04191052914332201
1776314647003583000,189.1585830078125,551.4767107600346,1.5308020543395102,180,-33.439230873148766,525.6620173091069,218.61712342318964,14.245954592527964,7.0024666768131585,-70.68702641591948,0.05622610130898077
1776314648003613000,190.15861303710938,549.188529738225,1.1169577006945748,-1,-33.43922894534356,523.3738362872973,-1,14.245954603350977,6.8485315813931535,-70.68704065787657,0.895159542948202
1776314649003641600,191.1586416015625,549.2040029754862,0.9671730232511719,-1,-33.43922062963404,523.3893095245585,-1,14.245954597237374,6.893587464098085,-70.68704063026335,0.5612031018695648
1776314650003670800,192.1586708984375,549.4219456464052,1.2822434002539762,-1,-33.439216197707694,523.6072521954775,-1,14.245954589093522,7.406956130527659,-70.68703234532055,0.3110810938159295
1776314651003700200,193.1587001953125,549.696787128225,1.4058119985493407,-1,-33.43920914826484,523.8820936772972,-1,14.245954589188527,7.9493332780541355,-70.68702187980873,0.23823630136983934
1776314652003730200,194.15873022460937,550.1116822734475,1.4096175071389325,-1,-33.43920573988173,524.2969888225198,-1,14.245954589175469,8.158754756696993,-70.68700977349343,0.20672863426244314
1776314653003759900,195.158759765625,550.3086924962699,1.3997720044234538,-1,-33.43920415632073,524.4939990453422,-1,14.245954589267145,8.229356173047988,-70.68700072283559,0.1749116216597593
1776314654003789000,196.1587890625,549.97611253988,1.3933601402744722,-1,-33.439199799770854,524.1614190889522,-1,14.245954588362874,8.224598733427795,-70.6869970143825,0.3399042196405538
1776314655003819300,197.1588193359375,549.972771785222,1.382092424704805,-1,-33.43919683514697,524.1580783342943,-1,14.245954589403679,8.192578662175157,-70.68699249499583,0.21185241447172481
1776314656003848200,198.15884814453125,549.7640979234129,1.2708588551814628,-1,-33.439186405097324,523.9494044724852,-1,14.245954591678563,8.892302705346255,-70.68699260365628,0.3267349449175818
1776314657003876900,199.158876953125,549.7578434841707,1.4057305837780067,-1,-33.43918276640958,523.943150033243,-1,14.245954591146196,9.394759090827089,-70.68699735441511,0.25857490954509077
1776314658003907300,200.1589072265625,549.9791548885405,1.3989628315006886,-1,-33.43918165802704,524.1644614376128,-1,14.245954590715717,9.380383878688901,-70.68699777543809,0.08379857952262162
1776314659003936800,201.15893676757813,550.004422863014,1.4057693043142092,-1,-33.43918450750921,524.1897294120863,-1,14.245954590900142,9.311320713782864,-70.68700109868502,0.08888346906400539
1776314660003966000,202.15896606445312,550.5867331260815,1.3930342385562609,-1,-33.439188101769325,524.7720396751538,-1,14.245954591231536,9.12760655577113,-70.68700770932747,0.05736888922945542
1776314661003994600,203.15899462890624,548.3354107737541,1.1761753378849928,50.37626666951383,-33.43918454808109,522.5207173228264,304.9019096793595,14.245954626234997,8.940836559355809,-70.68702014848625,0.6361568140672021
1776314662004024800,204.15902490234376,548.8675526222214,1.2782349800587827,69.41972898149508,-33.43918233392815,523.0528591712937,317.4234834896955,14.24595461298437,9.034199124817963,-70.68701920228952,0.4861033989928726
1776314663004055000,205.1590549316406,550.1402396159247,1.041330354709457,180,-33.439189842316175,524.3255461649969,318.226547954363,14.245954592633003,9.302523898912327,-70.68701718018669,0.04380817688961991
1776314664004084500,206.15908447265625,550.3986924970523,1.3066346739695582,180,-33.439187939094865,524.5839990461245,318.22654993121637,14.245954593499945,9.024424569051616,-70.68700992913287,0.0853465102535904
1776314665004113700,207.15911376953125,548.8598329722881,1.0962379611936364,-1,-33.43918882313673,523.0451395213604,-1,14.24595458522752,8.481528521412699,-70.68701338524974,0.6928952280107347
1776314666004142800,208.15914282226564,549.8626651614904,1.2309602159881445,-1,-33.43918944378061,524.0479717105627,-1,14.245954589708173,8.037513570748024,-70.6870123970869,0.10673793319832844
1776314667004172800,209.1591728515625,549.1347948033363,1.397567026865959,-1,-33.43918770684401,523.3201013524085,-1,14.24595458832145,7.741519372578199,-70.6870142419512,0.43029009601348656
1776314668004202200,210.1592021484375,550.7767246421427,1.6816429932142403,180,-33.43918879483143,524.9620311912149,61.88795039023961,14.24595456983356,7.891392024653072,-70.6870087565615,0.40318387771135705
1776314669004231700,211.15923168945312,550.4881317308173,1.4219594466793566,180,-33.43919290472535,524.6734382798895,61.887953771819916,14.245954586569317,8.344090392322128,-70.68701492120692,0.12793287543921944
1776314670004261000,212.15926123046876,550.3128386968747,1.3824905936418341,180,-33.439202351275,524.498145245947,74.45593252046447,14.245954589987637,8.559972103911457,-70.68702044500412,0.022052248682070934
1776314671004293400,213.15929345703125,550.1510191047564,1.3885300228295867,180,-33.439207675752314,524.3363256538287,74.45593565602401,14.245954589298094,8.021383561679826,-70.68702563402567,0.09608645704142461
1776314672004323300,214.1593232421875,550.2761860629544,1.3911809201721783,180,-33.43920712938883,524.4614926120266,74.45593629637104,14.24595458774126,7.821867500700387,-70.68702689821319,0.28727128555941234
1776314673004349200,215.15934912109375,550.3698088573292,1.400809284885298,180,-33.439207615157706,524.5551154064015,74.4559385066774,14.24595458773318,8.088904090774893,-70.68703096500793,0.1996126510471125
1776314674004379000,216.15937890625,550.6241591461003,1.4568265229243669,180,-33.43920940845943,524.8094656951725,74.4559421791053,14.245954587234733,7.721752767937531,-70.68703759856038,0.0968649372626763
1776314675004408800,217.15940893554688,550.612037776038,1.4688019991098462,180,-33.43920770580018,524.7973443251103,74.45594033617576,14.24595457318205,7.394190742357349,-70.68703437012476,0.3693812747475423
1776314676004438000,218.15943798828124,550.248143565841,1.484192474147852,180,-33.43921170056274,524.4334501149133,74.45594150271782,14.245954576279804,6.903092091475149,-70.68703604856964,0.30788685579414365
1776314677004468000,219.15946801757812,550.1782194087282,1.4426301342875423,180,-33.43921661863956,524.3635259578004,74.45594481350876,14.245954589184084,6.953771534739056,-70.68704161568616,0.0277483108967749
1776314678004497400,220.15949731445312,549.8691479358822,1.4369820322354134,180,-33.43922096083635,524.0544544849545,74.455948276265,14.245954586767677,6.9390843409707745,-70.68704753866426,0.07188925956991427
1776314679004525600,221.15952563476563,549.6702654547989,1.4670185154599666,180,-33.43922731460234,523.8555720038712,74.45595058162523,14.24595458609961,6.486335494015536,-70.68705104851203,0.09341204146961626
1776314680004559400,222.1595593261719,549.9431355809793,1.500977201675492,180,-33.43923066977654,524.1284421300516,74.45595028880915,14.245954575904559,6.131144092687908,-70.6870500817571,0.30894857990275526
1776314681004586000,223.1595859375,549.8909759772941,1.4804311351701418,180,-33.439228852380225,524.0762825263664,74.45595788466426,14.245954585157229,6.112208615366155,-70.68706449395526,0.11975599647493505
1776314682004615200,224.159615234375,549.9542707446963,1.4361763196752586,180,-33.4392367767739,524.1395772937685,74.4559616823088,14.245954583016955,6.1073739919839625,-70.68707059395153,0.13030189947191662
1776314683004644400,225.1596442871094,549.9367779586464,1.448017703614503,180,-33.43924777502604,524.1220845077187,74.45596367353923,14.245954573882287,6.148741476822381,-70.6870729358606,0.35964584911621184
1776314684004674000,226.15967407226563,549.9569377042353,1.4341304046108536,180,-33.439254627890826,524.1422442533076,74.45596748482485,14.245954584025613,5.967565147877555,-70.68707919544093,0.12117824459026004
1776314685004703500,227.15970336914063,549.807575748302,1.4416885391396121,180,-33.43925823956328,523.9928822973743,74.45596980431897,14.245954587955621,5.93066727462099,-70.68708307488282,0.061223771190337964
1776314686004733200,228.15973315429687,550.2369321882725,1.4156201304803107,180,-33.439269663004374,524.4222387373447,74.45597281935814,14.245954584751397,5.988663334025891,-70.68708727545663,0.18754083859030143
1776314687004763000,229.15976293945312,550.0330384289846,1.4169739264703565,180,-33.43927423817172,524.2183449780568,74.45597401477276,14.24595458629675,5.8660583054979165,-70.68708893516369,0.17453809225097255
1776314688004808400,230.15980834960936,550.1726138507947,1.4399233465415697,180,-33.43928307765413,524.357920399867,74.45597660235336,14.245954588972506,5.741624829134312,-70.68709266090248,0.08377170084868639
1776314689004821000,231.15982104492187,549.8477024221793,1.4020432617706513,180,-33.43928856546584,524.0330089712515,74.45597630352646,14.245954581716084,5.778967705266699,-70.68709141598998,0.36210040664584664
1776314690004850400,232.15985034179687,549.6448991177604,1.4199824842017559,180,-33.439292153942574,523.8302056668326,74.4559795214102,14.24595458554689,6.327783799404687,-70.68709697600727,0.235278600649958
1776314691004880600,233.15988061523439,549.5974121866748,1.4110881357453287,180,-33.43929667100259,523.782718735747,74.45598195994343,14.245954588690433,6.376106954507173,-70.68710096441795,0.1267123398725127
1776314692004910000,234.15991015625,549.6303921500221,1.4322161042767867,180,-33.43930723006591,523.8156986990944,74.45598641293826,14.245954588045585,6.407634919206595,-70.68710795844507,0.09918260404356906
1776314693004940000,235.15993994140624,549.9009297545999,1.4502478697031582,180,-33.43931460886323,524.0862363036722,74.45598620759114,14.245954583348908,6.385111999041723,-70.6871066514128,0.23468278575197815
1776314694004969500,236.15996948242187,549.8007365232334,1.405731124437367,180,-33.43932094350293,523.9860430723056,74.4559885770617,14.245954586116971,6.38707636484588,-70.68711028335372,0.1065832174256495
1776314695004998100,237.159998046875,549.9663819354028,1.4177248142588952,180,-33.43932818146663,524.151688484475,74.45598903869755,14.245954585357564,6.3655251661225964,-70.68711023948919,0.17227076183631312
1776314696005028600,238.1600285644531,550.0951966457069,1.398933992901808,180,-33.43933562947769,524.2805031947792,74.45599053047492,14.245954586181751,6.4918687650873474,-70.6871120930463,0.15126347708504628
1776314697005057800,239.1600578613281,550.0518400836736,1.404410634831966,180,-33.43934510585169,524.2371466327459,74.45598929332537,14.245954574581079,6.773147031257197,-70.68710859665663,0.4273374986967896
1776314698005086200,240.16008618164062,550.3009229898453,1.0163795841656145,109.75597725616065,-33.43935238206955,524.4862295389175,86.30671495265955,14.245954570234288,7.171035125936879,-70.68709352818222,0.7396571389136626
1776314699005117000,241.16011694335938,550.5334907770157,0.8380264325147991,85.98057009524008,-33.43935561552942,524.718797326088,85.883530377779,14.245954569517354,7.66687452670475,-70.68708094668773,0.7871938105155222
1776314700005146000,242.16014599609375,550.5808819513768,0.9167058263534735,146.14862098190142,-33.439353504444526,524.7661885004491,81.75420908096852,14.24595457213771,8.00161600298313,-70.68707819156295,0.5043383771347534
1776314701005175600,243.16017553710938,550.7748455228284,0.9776107705152134,104.56588378390899,-33.43935368325473,524.9601520719007,83.78051458529286,14.245954568037408,8.444836163083604,-70.68706646146704,0.6909944114768907
1776314702005205200,244.16020532226563,551.122017593123,1.0908756710686522,104.17813509353408,-33.43935507541158,525.3073241421953,83.97609117675678,14.245954569671147,8.886814330708418,-70.68705812937769,0.6258066578016597
1776314703005234200,245.16023413085938,550.2118427110836,1.2967768723970658,107.53849963177491,-33.439355080573776,524.3971492601559,78.0235849130123,14.245954573485434,9.002065669006491,-70.68705552470465,0.43587071871380684
1776314704005264000,246.16026391601562,550.4403173159808,1.184074202290701,126.11498622030146,-33.439346937010974,524.6256238650531,47.53174883922071,14.245954582164842,9.191506183806904,-70.68705442820207,0.2390898909170672
1776314705005294000,247.1602941894531,550.5419666590169,1.1992515134451096,125.99392272180998,-33.439340247354984,524.7272732080892,50.99542037387607,14.245954577163829,9.414814476558352,-70.68704432329066,0.5305452296538181
1776314706005323500,248.16032348632814,550.6130591416731,1.0049282449217969,99.38995878582986,-33.4393405948807,524.7983656907454,63.253469154288595,14.24595455119662,9.430960112597443,-70.68703376150445,0.7327935956149473
1776314707005351700,249.1603515625,550.5924568362534,0.9755948326952203,115.39025644375108,-33.43933965038629,524.7777633853257,63.647775872921926,14.245954542207603,10.203439576781912,-70.68702699916278,0.6459259133686558
1776314708005381600,250.16038159179686,550.7077882494777,0.7313298784358999,76.57654659056571,-33.43933796534939,524.89309479855,65.07818336000052,14.245954535557518,10.666457455989123,-70.68701489844797,0.7517938679401677
1776314709005410600,251.16041064453125,550.4712154800072,1.0428498393141525,95.24775502925709,-33.4393361890839,524.6565220290795,64.22029810555485,14.245954540052965,10.518208130931292,-70.68700677028276,0.7115946829769261
1776314710005440300,252.16044018554686,550.9092494342476,0.985513969025459,126.56278865849201,-33.43933288208267,525.0945559833199,58.80623378946927,14.24595456322341,9.866536854361115,-70.68699878363914,0.6026578133755878
1776314711005469400,253.1604694824219,551.025489859283,1.2303108400650224,180,-33.4393321570147,525.2107964083552,53.76714412385361,14.245954584771942,9.563743893481485,-70.68699922950893,0.15838471389918463
1776314712005500400,254.16050048828126,550.865053283982,1.0431987971873384,132.16482441308753,-33.43931605073962,525.0503598330542,26.966248234455115,14.245954588798922,9.812795544160016,-70.68699621634704,0.6024650990838546
1776314713005529900,255.16052978515626,550.6241924017668,0.9494713421615764,90.91681775707134,-33.439304978936356,524.809498950839,22.84036219736489,14.245954593142217,10.027032545031561,-70.6869908604492,0.8206066614237216
1776314714005558500,256.16055859375,550.6573865003884,0.9682638692655312,108.032663779909,-33.43929695509262,524.8426930494606,15.328662342189698,14.245954599903028,10.261868170008155,-70.68699079176125,0.6962519309979633
1776314715005588700,257.16058862304686,550.5319735473022,0.9674772550901016,86.13051956065304,-33.43928589204561,524.7172800963745,8.935670632420353,14.245954605179667,10.410608481815053,-70.68699107673555,0.8575631390242113
1776314716005617700,258.1606176757812,550.4648571517318,0.9669981395000671,97.65337986879088,-33.43927827862442,524.6501637008041,7.484207181013952,14.245954602313692,10.291746617416084,-70.68698765664364,0.7339914293175925
1776314717005646600,259.160646484375,550.4561135591939,0.9936485246481429,143.22400576412576,-33.43927146381659,524.6414201082662,5.326693548812144,14.245954600705067,10.112547819635392,-70.68698590051417,0.510997540438302
1776314718005675300,260.16067529296873,549.9259071620181,1.2263933774561606,112.98654419218292,-33.43926402583215,524.1112137110904,4.701470154294892,14.245954606937383,10.144230119270311,-70.68698337672308,0.4699927043690036
1776314719005707300,261.1607072753906,549.6438794564456,1.3534955090575285,75.23819783920304,-33.43925545821023,523.8291860055178,5.2438019921798045,14.245954608992573,10.162374544693963,-70.68698003603903,0.5147566022883436
1776314720005736200,262.1607360839844,549.9634739132598,1.2964251962000881,78.02911288023286,-33.43924558779179,524.1487804623321,2.642046140678768,14.245954618774068,10.22347046350458,-70.68697874909432,0.6351994853207699
1776314721005766000,263.1607658691406,550.2945117773488,1.0085145310359114,86.53886721314656,-33.439234337339236,524.4798183264211,358.26009001042473,14.245954624478296,10.340155679664138,-70.68698024301841,0.8265610127470561
1776314722005794600,264.1607946777344,550.1895242109895,0.8845089108649402,95.10653826563069,-33.43922855154383,524.3748307600617,356.8644404804914,14.245954625046439,10.914193246912767,-70.68697877972049,0.7332907891338417
1776314723005823500,265.1608234863281,550.2506326781586,0.9285809445689472,156.7288732000061,-33.43922335075379,524.4359392272308,355.4849485111837,14.245954609097526,10.832383750608411,-70.68697791798401,0.4759695214241584
1776314724005854200,266.16085424804686,549.9103068644181,1.0540254133619813,123.00021324218342,-33.439213480250494,524.0956134134904,357.1735703228119,14.245954609302386,10.589111977132886,-70.68697543624293,0.5546522397322505
1776314725005883600,267.1608835449219,549.8487445069477,1.0393903583378408,86.0073750084774,-33.439202098856455,524.03405105602,355.5602876600351,14.245954613823448,10.182147556585761,-70.6869770452382,0.8072237026508542
1776314726005912600,268.16091259765625,550.459593674168,1.0048341087880446,90.67389444561945,-33.43919525255139,524.6449002232403,356.01966500990596,14.245954613108013,9.856185856945844,-70.68697497177772,0.7880594509664898
1776314727005941500,269.16094140625,549.9880456132814,0.9524475891242854,114.00739792013752,-33.43918783477779,524.1733521623537,352.9505609497035,14.24595460951025,9.553003258285292,-70.68697537306008,0.6604852261549201
1776314728005972000,270.16097192382813,550.1755625316873,0.9372306839983785,180,-33.43918378367427,524.3608690807596,345.41030409260327,14.245954604727947,9.6721456536951,-70.68698129507757,0.34617234519980344
1776314729006001400,271.16100146484376,550.2490803357214,1.3642417746325781,180,-33.43917956970216,524.4343868847936,345.4103038827868,14.245954606750624,9.56206778075736,-70.68698081928383,0.30577073344987843
1776314730006030600,272.1610305175781,550.1237049484625,1.0912216631809846,180,-33.4391779901982,524.3090114975348,323.30433266457663,14.245954614219277,9.54606708238812,-70.68698663835401,0.4006988766268858
1776314731006060500,273.161060546875,550.2431971048936,1.4205126627256703,180,-33.43917553976885,524.4285036539659,323.3043337299888,14.24595460337676,9.504403944768313,-70.68698853246464,0.22937014115775753
1776314732006089700,274.16108984375,550.5392708098516,1.420049074701015,180,-33.43917832022047,524.7245773589239,323.30433479294294,14.245954593893867,9.511203199276423,-70.6869911414087,0.06657018333575863
1776314733006119700,275.16111962890625,550.3822467355058,1.4190324242977983,180,-33.43917913550844,524.567553284578,323.3043336322155,14.245954595466063,9.282962194943236,-70.68698882260887,0.11542320735248819
1776314734006147800,276.16114794921873,550.4414787301794,1.3721323694334386,180,-33.43918049857238,524.6267852792516,304.1614551410242,14.245954596179207,9.029290064045057,-70.68699154377396,0.1037422544664562
1776314735006178000,277.16117797851564,550.5266901655123,1.3841266215708277,180,-33.43918669611638,524.7119967145845,304.1614554704523,14.245954596119335,8.954872633207613,-70.68699268066594,0.1341355833661973
1776314736006208000,278.1612080078125,550.5693549392745,1.3970991908880042,180,-33.43919019926974,524.7546614883468,304.16145771071587,14.245954605870699,8.601025818221457,-70.6869972249056,0.29614420378225154
1776314737006236400,279.161236328125,550.7896128566936,1.3308629184263683,180,-33.43919208061086,524.9749194057658,321.47144941872233,14.245954598516265,8.600987329255055,-70.68700634547905,0.2029188083630796
1776314738006265900,280.1612658691406,550.939126631245,1.3889028611311725,180,-33.43919072809297,525.1244331803173,321.47145236216375,14.245954591828312,8.68708878898955,-70.68701188121833,0.04495929249244492
1776314739006295800,281.1612958984375,551.331902240403,1.3925678070285097,180,-33.43918917043154,525.5172087894753,321.4714479410844,14.245954595464406,8.515921388906243,-70.68700340226412,0.4028425712193456
1776314740006325800,282.16132568359376,551.2581805773079,1.282991380544051,180,-33.43919177765276,525.4434871263802,308.75011010963067,14.245954591639686,9.1650252174591,-70.68700637187901,0.1099444499987406
1776314741006355200,283.1613552246094,550.3870780412108,1.3633580112896215,180,-33.43919218534238,524.572384590283,297.7217396944072,14.245954594119212,9.317282588543753,-70.68701000667971,0.24135869344501365
1776314742006384600,284.16138452148436,549.4581510508433,1.394764839942742,180,-33.439193676796435,523.6434575999156,297.7217402338166,14.245954593683525,9.258102968218113,-70.68701101253403,0.3231070005640846
1776314743006413600,285.1614135742187,551.1288151005283,1.0373547703715025,70.83118880929038,-33.439196436720394,525.3141216496006,285.5065381601947,14.245954604881074,9.542110483054374,-70.68702321220212,0.7527172840987989
1776314744006443000,286.16144311523436,550.7899861801416,1.498467549556979,180,-33.439207393705416,524.9752927292138,280.3779934251072,14.245954594310023,9.068203323946133,-70.6870214593832,0.2255221874374824
1776314745006472700,287.16147265625,550.7956276759505,1.4513232893601327,180,-33.43921254347171,524.9809342250228,280.37800046298014,14.245954594270605,8.794847182675593,-70.68702978105112,0.3414158424845
1776314746006502100,288.16150219726563,550.8464426482096,1.451094914140575,180,-33.43921183501779,525.0317491972819,280.3780033107274,14.245954596189875,8.79789403516081,-70.68703489793803,0.3706108393987682
1776314747006531800,289.16153173828127,550.6214014617726,1.4488584528252542,180,-33.43921685865602,524.8067080108449,280.37800708102907,14.245954596035084,8.700765121949386,-70.68703793678685,0.24674553712408778
1776314748006562800,290.1615627441406,550.5860890299082,1.45616766385021,180,-33.439215749104164,524.7713955789804,280.3780113959327,14.245954600285001,8.610387265844697,-70.68704571251021,0.34469592455153936
1776314749006590700,291.1615908203125,550.391334630549,1.4632259348912273,180,-33.43921367534998,524.5766411796212,280.3780128897131,14.245954597981532,8.612863087118557,-70.68704946316772,0.352192347433191
1776314750006620200,292.1616201171875,550.6771137053147,1.4539893613244042,180,-33.439215284779884,524.862420254387,280.37801374184744,14.245954596732435,8.594325147051455,-70.68704985294661,0.32602151171614013
1776314751006649900,293.16164990234375,550.8133977381513,1.450828407054281,180,-33.43921466654271,524.9987042872235,280.37801535156274,14.245954596161738,8.387822818138359,-70.68705288177836,0.2421956899184104
1776314752006679000,294.1616789550781,550.6832465752959,1.3423370221701871,180,-33.43921433423464,524.8685531243682,280.3780164231397,14.24595459485408,8.173115127461912,-70.6870548483927,0.10360168183806703
1776314753006709800,295.16170971679685,550.5812325617298,1.4319186589161466,180,-33.43922062431359,524.7665391108021,280.3780196510858,14.245954599620827,7.721208980800386,-70.68705620368566,0.17451710064734405
1776314754006739200,296.1617392578125,550.5160803208128,1.3709720039956976,180,-33.43921799085526,524.701386869885,280.3780156918723,14.24595459626606,7.926630974222273,-70.68705135709718,0.11699215708798816
1776314755006767900,297.16176782226563,549.3148017618805,4.195244291960227,180,-33.43921640189011,523.5001083109528,282.26946244986834,14.245954622608544,8.095902968805174,-70.68705273245868,0.5704455852430204
1776314756006797800,298.1617978515625,549.2653452409431,1.4104043481143833,180,-33.439216931633055,523.4506517900154,284.0875309790056,14.245954603132919,8.855572642890705,-70.68704931143867,0.16327061856182865
1776314757006826800,299.16182666015624,549.9008694691584,1.2693009534577309,180,-33.439220042136036,524.0861760182306,284.0875252089268,14.245954592724091,8.578702437171266,-70.68703987995615,0.046167927161039894
1776314758006856700,300.16185668945315,550.3865671912208,1.2966665900342687,180,-33.439226350922766,524.5718737402931,284.08752483632566,14.245954594500887,7.948030339653454,-70.68704618940038,0.063225975068331
1776314759006886000,301.1618859863281,550.245491720736,1.4202532762109978,180,-33.43923418611702,524.4307982698083,284.08752421270947,14.245954604019099,8.182072440726982,-70.68705366424092,0.17322082630724436
1776314760006915000,302.1619150390625,550.3585205096751,1.3819314529814422,180,-33.43923837161223,524.5438270587474,284.08752378527356,14.245954598657505,8.252796828839793,-70.68705744550581,0.11497274827763128
1776314761006944800,303.1619448242187,549.8786223232746,1.2753398165928327,92.25829999782455,-33.43925533525794,524.0639288723469,204.60806667615537,14.245954611298336,8.180438268263167,-70.68706546627122,0.7822990717079488
1776314762006975700,304.1619758300781,549.8422889634967,1.2280172061432966,139.55746813941943,-33.439256243775226,524.027595512569,179.32212700073634,14.245954587621911,8.580269229832549,-70.68706248071649,0.42408086675235224
1776314763007004700,305.1620046386719,550.0591836571693,1.2247750595060665,104.54087637771488,-33.43926593031325,524.2444902062416,178.1583593021216,14.24595457655811,8.799000131289587,-70.68706452189092,0.6414012445064216
1776314764007032300,306.1620322265625,550.5136601813138,1.0455863845792834,78.94984502977029,-33.43927980261825,524.698966730386,174.2300268608275,14.245954565941375,9.105459162803792,-70.68705934043804,0.9778664128597124
1776314765007061500,307.1620615234375,550.3308098260313,0.9626846420889165,108.76795005350553,-33.439286770528334,524.5161163751036,175.5242710806895,14.245954593108097,9.539208792766168,-70.68705817363312,0.7016414181839896
1776314766007092500,308.1620925292969,550.4455327214673,0.9815464388044223,86.13909677431897,-33.43929956626053,524.6308392705396,174.8770308473895,14.245954607234705,9.96980488063941,-70.68705494157832,0.885257160457368
1776314767007121200,309.16212109375,550.4565425990149,1.0350978375293636,167.6184067948521,-33.43930287304496,524.6418491480872,170.50819442901098,14.245954601836726,10.170855038565056,-70.68705159189325,0.4430849335350053
1776314768007150800,310.16215087890623,550.9502959595993,1.0668539360752767,180,-33.43931062853554,525.1356025086716,172.6072723825889,14.245954598685318,9.091588724649474,-70.68704861323181,0.3959604547184664
1776314769007179000,311.1621789550781,550.3721434976906,1.1312851806265487,180,-33.43931893039506,524.5574500467628,181.24861103458392,14.245954596444898,8.432980785124089,-70.68704804806619,0.4546653928288911
1776314770007211300,312.1622111816406,551.1989833740517,1.0871484370103588,84.7519056340348,-33.43933329230653,525.384289923124,175.00380282028217,14.245954595046738,8.360951272756015,-70.68704243771991,0.8321316086904933
1776314771007240000,313.16223999023435,550.6852038614452,1.1173184426755696,100.0418762498826,-33.43933734026078,524.8705104105175,163.33445254193296,14.245954585202668,8.46853149676427,-70.68703406370322,0.6877785212166113
1776314772007270400,314.1622705078125,550.6854264801368,0.9896328592352152,122.41149622687368,-33.439342655287646,524.8707330292091,158.82324446445853,14.245954580299925,8.335600144897443,-70.68703025821358,0.6254786208993047
1776314773007299300,315.16229931640623,550.6081602601334,1.0759285681907103,115.30626603880424,-33.43934820858435,524.7934668092057,154.87853959912616,14.245954579794187,8.426982451493528,-70.68702674232678,0.6309169677223303
1776314774007328500,316.16232861328126,550.5471719549969,1.0362972544320728,126.96855486515899,-33.43935487535877,524.7324785040691,161.87259213151563,14.24595458396003,8.90868013612567,-70.6870276262434,0.5743831110121772
1776314775007357200,317.16235717773435,550.4885545615107,1.276529804895901,167.34045997524007,-33.439359653127624,524.673861110583,161.3721732149511,14.245954588584574,9.030535915488352,-70.68702404374959,0.3327239821251021
1776314776007387100,318.16238720703126,550.3918850561604,1.4313800784807844,180,-33.43936361085394,524.5771916052327,161.37217313174187,14.245954587761585,9.01108498589038,-70.68702345711301,0.33205257147944617
1776314777007417300,319.1624172363281,550.2014556061476,1.107335794398752,122.4957700388454,-33.439372958003744,524.3867621552199,185.62863096781018,14.24595459898534,8.986530199004008,-70.68702510311448,0.645928594712281
1776314778007446800,320.16244677734375,550.1527075339109,1.1083031288461413,157.8082240823081,-33.439374365870194,524.3380140829831,173.72028926315483,14.245954592838864,9.026803854635304,-70.68701922688179,0.4072786747610042
1776314779007476500,321.1624765625,550.1954654017463,1.3961431591696114,180,-33.4393741971394,524.3807719508186,159.0067536329484,14.245954587778085,9.055326993233892,-70.68701197089543,0.3191866567166619
1776314780007504600,322.16250463867186,550.2276529744267,1.3501948578915421,180,-33.43937008029674,524.412959523499,159.00675349591282,14.245954588763992,9.0172523076246,-70.6870123861477,0.10121064392976424
1776314781007535000,323.16253515625,550.1031056214124,1.4565113510437273,180,-33.43937324933392,524.2884121704847,153.07713309472672,14.245954574833398,8.99846811857267,-70.68700325753491,0.5487048429420899
1776314782007565300,324.1625654296875,549.7943493071944,1.1600813169697375,101.4595878271461,-33.43937297148909,523.9796558562666,135.4889255660532,14.24595456697911,8.919646821878098,-70.68699609243622,0.57467190957339
1776314783007594000,325.16259399414065,550.3800826286897,1.3438105539827376,180,-33.439372503355926,524.565389177762,142.54609335111834,14.245954582778552,9.155080668158588,-70.68699474220405,0.25544328091257856
1776314784007623700,326.1626237792969,549.9001050991938,1.2687035271601483,159.2900175217189,-33.43937912975417,524.085411648266,158.32544719973572,14.245954581446487,9.199584808552316,-70.6869906836169,0.4203274223312104
1776314785007653000,327.16265307617186,549.7440053168684,1.1772529452666536,128.17152386493535,-33.439381597295274,523.9293118659407,178.3502871247785,14.245954585710953,9.205208944402097,-70.68699034623766,0.34543109554791557
1776314786007681800,328.1626818847656,550.0286886971444,1.2392036588658315,180,-33.43937542273827,524.2139952462167,181.4512323864699,14.245954588947347,9.171160444939654,-70.68700011600596,0.09642266179742114
1776314787007712000,329.1627119140625,550.2860805466771,1.300218954077761,180,-33.43937673473852,524.4713870957494,181.45123762784144,14.245954588214243,9.009685744320905,-70.68700444691109,0.11962117985895701
1776314788007742500,330.16274243164065,550.0176342902705,1.5615650497837992,180,-33.43937498114935,524.2029408393428,181.45124001712932,14.245954585398207,8.758220153892573,-70.6870063821107,0.24750465461213428
1776314789007770400,331.16277026367186,550.3300947966054,1.4912654225544022,180,-33.43937527048188,524.5154013456777,181.45124050837956,14.245954587056158,8.15825247919758,-70.68700679078958,0.1669779637438155
1776314790007800800,332.16280078125,550.2852399554104,2.0752001754122755,180,-33.4393759282022,524.4705465044826,181.45123939930204,14.245954587406505,7.2998796781937845,-70.68700588989917,0.1811432260296916
1776314791007829800,333.16282983398435,550.2033284706995,1.610959356480144,180,-33.43937730323369,524.3886350197718,181.4512426713066,14.245954581817182,7.358325236113785,-70.68700860276418,0.242415799475076
1776314792007859200,334.1628591308594,550.2284669466317,1.3100550083576827,180,-33.43937710723557,524.4137734957039,181.45124504943507,14.245954586624025,7.6007332315586655,-70.6870105546539,0.1106295929006615
1776314793007889000,335.1628889160156,550.2071589613333,1.5096024826665893,180,-33.43938141901733,524.3924655104056,181.45124814241487,14.245954582034424,8.090085154264333,-70.68701316910303,0.32578437281333533
1776314794007918800,336.1629189453125,550.4382848301902,1.4177885942300488,180,-33.43938215770943,524.6235913792625,181.45124449840273,14.245954587047255,7.841208388231394,-70.6870101854967,0.14887535186837134
1776314795007948300,337.1629482421875,550.5827451562509,1.1490502368182625,180,-33.43938231136381,524.7680517053232,181.4512418323622,14.245954589519899,8.304497608464118,-70.68700799620089,0.040291661860094925
1776314796007978000,338.16297802734374,550.6302668079734,1.110893140519195,180,-33.43937986550843,524.8155733570457,181.45124313010461,14.245954590255769,8.495103141385588,-70.6870090225065,0.012585145738359931
1776314797008006700,339.1630065917969,550.6669983631,1.1851211903742551,180,-33.439380796604816,524.8523049121723,181.45124425194766,14.245954590084033,8.670162912584473,-70.68700996027519,0.020602504151223795
1776314798008036000,340.1630361328125,550.6296909013763,1.1067476320227287,180,-33.43938092749643,524.8149974504486,181.45124855796922,14.245954590271095,8.990657958395461,-70.6870135025831,0.010610419062591844
1776314799008066300,341.16306640625,550.652487362735,1.2553094989361333,180,-33.43938132744092,524.8377939118072,181.4512551331506,14.245954589929479,9.195166227756769,-70.68701891491631,0.02382853814842598
1776314800008096300,342.1630961914062,550.7843924704939,1.1077113684237667,180,-33.439380537317476,524.9696990195662,181.45125633457542,14.245954590298627,9.244848576289982,-70.68701988953003,0.011301221484578532
1776314801008125200,343.16312524414064,550.5844251057133,1.380520486302024,180,-33.43938103354275,524.7697316547856,181.45125852379212,14.245954589438766,9.27402842880218,-70.68702169760361,0.04537131761785366
1776314802008154400,344.163154296875,550.5690865665674,1.071483368913124,180,-33.439380920791464,524.7543931156397,181.4512604625923,14.24595459057527,9.266756687206435,-70.68702328968831,0
1776314803008184000,345.16318408203125,550.5690865665674,1.0755599765461652,180,-33.439380920791464,524.7543931156397,181.4512604625923,14.24595459057527,9.321737450450485,-70.68702328968831,0
1776314804008213000,346.163212890625,550.5690865665674,1.0755108090276009,180,-33.439380920791464,524.7543931156397,181.4512604625923,14.24595459057527,9.276825146064096,-70.68702328968831,0
1776314805008243200,347.1632431640625,550.5690865665674,1.0829057343181367,180,-33.439380920791464,524.7543931156397,181.4512604625923,14.245954590575272,9.045928546408248,-70.68702328968831,0
1776314806008272100,348.1632722167969,550.5690865665674,1.0776428717430648,180,-33.439380920791464,524.7543931156397,181.4512604625923,14.24595459057527,8.926919104170407,-70.68702328968831,0
1776314807008301000,349.16330102539064,550.5690865665674,1.0834522055684328,180,-33.439380920791464,524.7543931156397,181.4512604625923,14.245954590575272,8.755221030160277,-70.68702328968831,0
1776314808008331800,350.16333178710937,550.5690865665674,1.0731620668033277,180,-33.439380920791464,524.7543931156397,181.4512604625923,14.245954590575272,9.075956640822511,-70.68702328968831,0
1776314809008359400,351.163359375,550.5690865665674,1.0514216065237219,180,-33.439380920791464,524.7543931156397,181.4512604625923,14.24595459057527,8.893486816590997,-70.68702328968831,0
1776314810008390400,352.16339038085937,550.5690865665674,1.0712678578339967,180,-33.439380920791464,524.7543931156397,181.4512604625923,14.24595459057527,8.939626424886672,-70.68702328968831,0
1776314811008419600,353.1634196777344,550.6534950919449,1.844770945677586,180,-33.439372185896325,524.8388016410172,181.45126759767305,14.24595458968269,8.90485551733312,-70.6870290106429,0.05571110181775483
1776314812008449500,354.16344946289064,550.338192883879,1.2825690687434201,180,-33.43936725563117,524.5234994329512,181.45126981952035,14.245954589728063,8.79227351607629,-70.68703075543134,0.07673917753890344
1776314813008478700,355.1634787597656,550.2595060598105,1.5404725687341256,180,-33.43936039036784,524.4448126088828,181.45126649394606,14.24595458821766,8.393312773163428,-70.68702790735459,0.1603625718380616
1776314814008507600,356.16350756835936,550.0858902065083,1.4417406384708669,180,-33.439359240747564,524.2711967555806,181.4512692743792,14.245954589103006,7.660737946977408,-70.68703017415704,0.13884159621308217
1776314815008538400,357.1635383300781,550.0528738582507,1.42821819788791,180,-33.43936067422343,524.238180407323,181.45126152055366,14.24595458911436,7.364441743871232,-70.68702382326556,0.13358379241343663
1776314816008566800,358.16356689453124,550.1897797202691,1.5029782483893432,180,-33.43936460495115,524.3750862693414,181.45125484578284,14.245954590477181,8.075898372567316,-70.68701840097187,0.16922237834663212
1776314817008597200,359.16359716796876,550.3804034367204,1.1340732377627694,180,-33.439361482847254,524.5657099857926,181.45124770603917,14.245954590684704,8.271444428492881,-70.68701247928992,0.03170440262414866
1776314818008626000,360.1636259765625,550.4342838395387,1.2476049043878534,180,-33.439358716343925,524.619590388611,181.4512446759372,14.24595459053397,8.336634108322016,-70.68700994219586,0.05396223368302807
1776314819008655600,361.16365551757815,550.8386340588331,1.1628082793523802,180,-33.43935424495396,525.0239406079054,181.45124013288796,14.245954590434383,8.43324689187238,-70.68700613294376,0.014575770605547203
1776314820008685300,362.1636853027344,550.8357101399451,1.5058061233771152,180,-33.43934759746583,525.0210166890174,181.4512379079489,14.24595458965538,8.575934400508846,-70.6870041933573,0.04844358150111902
1776314821008714800,363.16371484375,551.14433215186,2.490044764846686,180,-33.43934450493782,525.3296387009323,181.45123745323025,14.245954589153172,8.59006588816762,-70.6870037681639,0.06357473269372688
1776314822008743700,364.1637436523437,551.148391299881,1.5517003189597922,180,-33.43934319552617,525.3336978489533,181.45123825069822,14.245954589768461,8.687297813053611,-70.687004402047,0.03372071772992611
1776314823008791000,365.163791015625,551.3683534096926,2.4488749003836463,180,-33.43933785542045,525.5536599587649,181.45123636642472,14.245954587415303,8.796235070292706,-70.68700276424389,0.1655493058529364
1776314824008803300,366.16380322265627,551.5803077910095,1.3627203220346216,180,-33.439333329114746,525.7656143400818,181.4512366034608,14.245954589677265,8.666090030498461,-70.6870028839579,0.045670725689864786
1776314825008833500,367.16383349609373,551.6092779682949,1.2834931530853881,180,-33.4393315160928,525.7945845173672,181.45123855368834,14.245954589686049,9.475901104275716,-70.6870044572024,0.0288233751204656
1776314826008862200,368.1638623046875,551.6294970922172,1.2891734565155855,180,-33.43933405773737,525.8148036412895,181.45123746434402,14.245954589573524,9.60473895039258,-70.68700360381949,0.029680528039240605
1776314827008891100,369.16389111328124,551.647176056169,1.1284162080083908,180,-33.43933047517438,525.8324826052412,181.45124124338778,14.245954589366468,9.761076247349989,-70.68700665121393,0.03354919434674072
1776314828008920300,370.16392041015627,551.6627092817798,1.2892617739686187,180,-33.43932775457549,525.8480158308521,181.45124376214403,14.245954588665438,9.839563658849633,-70.68700867679486,0.057151834422484976
1776314829008949800,371.16394970703124,551.7530815107748,1.2990777689072062,180,-33.43932720255761,525.9383880598471,181.45124721528273,14.245954586612271,9.751595678367659,-70.68701150657499,0.1193831370639496
1776314830008980700,372.16398071289063,551.0651712175459,1.1754270017092936,70.67806963416106,-33.43931593490777,525.2504777666181,291.94117438079076,14.245954621127726,9.711851078438388,-70.68702993952283,1.0076394899441425
1776314831009009400,373.1640095214844,551.260336865671,0.9724060922383093,64.77093493699729,-33.43930778857114,525.4456434147432,302.3602249685568,14.24595463204535,9.766320786923007,-70.68703942039983,1.1447262689598248
1776314832009040000,374.16403979492185,551.0197860719636,0.9998816228048616,92.97157141958482,-33.439304213027555,525.2050926210359,312.4187446952411,14.245954623232015,9.9747061392677,-70.6870401161039,0.7587040637719216
1776314833009069300,375.1640693359375,551.0364230526611,1.006607140245725,83.9543148059061,-33.43929607303325,525.2217296017334,318.3972760473687,14.245954629116897,9.797366368489826,-70.68704520263935,0.8813738156630322
1776314834009097500,376.16409741210936,550.9500204687938,0.9715148812130578,100.81512097935952,-33.439289786708706,525.1353270178661,328.7360972263145,14.245954622283602,9.838009536324286,-70.68704364028508,0.7275933091011756
1776314835009127400,377.16412744140627,550.7709994530305,0.9493561627723581,88.76591020773799,-33.439281275913835,524.9563060021028,331.8929174568995,14.245954621989558,10.041579094903803,-70.68704659781825,0.783709992957058
1776314836009156600,378.1641564941406,551.0096037834883,1.2220006258542775,180,-33.439280979059454,525.1949103325605,343.60572428203653,14.245954595485717,9.89973169249896,-70.68703782709615,0.18374683873908332
1776314837009187300,379.16418725585936,551.2866400890052,1.3828817884595141,180,-33.43927949052994,525.4719466380775,343.60572309990965,14.245954591999777,9.670152375183424,-70.68703550657148,0.07595911314155883
1776314838009215500,380.1642155761719,551.3624658538029,1.0500028248119175,124.36501906352972,-33.43926713103457,525.5477724028751,357.7863820033897,14.245954603076255,9.691949921657699,-70.68703675042015,0.6612921718829453
1776314839009246000,381.16424584960936,551.4883862379938,0.9774361267789583,109.85821850831856,-33.439261577125805,525.6736927870661,12.195497601211507,14.245954599909357,9.871924935496263,-70.68703300310837,0.6642141444022289
1776314840009274400,382.1642744140625,551.5709692901,1.0048772897073948,64.3787758867054,-33.43924547060619,525.7562758391723,5.731483606256426,14.245954621993448,9.953394375839837,-70.6870332994813,1.144726619250185
1776314841009304800,383.16430493164063,551.4921979885548,0.9765474066005736,104.30664631474342,-33.43924466357889,525.6775045376271,359.16136895394334,14.24595461293904,9.895619438363283,-70.6870377854946,0.7200779572621261
1776314842009333500,384.1643334960938,551.3318547289819,0.9443448403877006,180,-33.43924282252012,525.5171612780541,357.1643139925579,14.245954605810658,10.67837901794944,-70.687037936802,0.3710254879202196
1776314843009363200,385.16436328125,551.4752960894257,1.3736944347090316,180,-33.43924134579368,525.660602638498,357.16431576448645,14.245954595953739,10.545129283703485,-70.68704114292656,0.1282040517614813
1776314844009392600,386.164392578125,551.1308446004987,1.3925855677691599,180,-33.439236958673376,525.3161511495709,357.1643161621095,14.245954600881278,10.083956840557535,-70.68704186310941,0.23716127130159106
1776314845009421800,387.164421875,550.9881676649675,1.3849017987000458,180,-33.439235389275694,525.1734742140397,357.1643186516449,14.245954601490187,10.076850589592665,-70.68704636758041,0.22516499267311738
1776314846009451800,388.16445166015626,551.0308897765353,1.3855118715488173,180,-33.4392371053837,525.2161963256076,357.164317160372,14.245954593978903,10.267413580337479,-70.68704366918905,0.06071442369558396
1776314847009482000,389.1644819335938,551.1192377377301,1.3854009309056838,180,-33.43923113087895,525.3045442868024,357.16431941986986,14.245954590575272,10.525023465830294,-70.68704775825147,0
1776314848009510100,390.16451025390626,551.1192377377301,1.3879993358751719,180,-33.43923113087895,525.3045442868024,357.16431941986986,14.245954590575272,10.757170326821488,-70.68704775825147,0
1776314849009540000,391.1645400390625,551.1192377377301,1.3895124873975226,180,-33.43923113087895,525.3045442868024,357.16431941986986,14.24595459057527,10.343160244605444,-70.68704775825147,0
